Data da Venda,Mês,Região,Vendedor,Código Vendedor,Seção,Vendas
2018-03-13,MAR,Sudeste,Roberto,1,Telefonia,13437.93
2018-04-28,ABR,Sudeste,Ronaldo,8,Automotivo,6498.74
2018-02-08,FEV,Norte,Rafael,6,Automotivo,11356.45
2018-04-29,ABR,Norte,Roberta,4,Livros,7588.64
2018-01-17,JAN,Nordeste,Roberto,1,Informática,9256.22
2018-04-03,ABR,Norte,Rodrigo,3,Games,4232.26
2018-02-03,FEV,Nordeste,Renata,5,Móveis,6011.44
2018-03-16,MAR,Sul,Rodrigo,3,Eletrodomésticos,6030.37
2018-04-20,ABR,Sul,Rodrigo,3,Games,6276.06
2018-02-22,FEV,Sudeste,Roberto,1,Informática,6040.79
2018-01-23,JAN,Nordeste,Renata,5,Informática,3971.52
2018-01-19,JAN,Sul,Ricardo,2,Eletrônicos,3302.31
2018-05-06,MAI,Nordeste,Ricardo,2,Eletrônicos,2394.6
2018-03-14,MAR,Sul,Renata,5,Móveis,2634.95
2018-02-16,FEV,Sudeste,Roberta,4,Móveis,19228.1
2018-02-25,FEV,Sudeste,Rafael,6,Telefonia,5561.28
2018-05-22,MAI,Norte,Roberto,1,Informática,19228.1
2018-05-21,MAI,Sul,Renata,5,Telefonia,5032.87
2018-01-24,JAN,Sul,Roberta,4,Eletrônicos,1229.51
2018-05-13,MAI,Nordeste,Rafael,6,Informática,18123.79
2018-03-19,MAR,Sudeste,Ronaldo,8,Móveis,9435.66
2018-01-14,JAN,Sudeste,Rodrigo,3,Móveis,3689.53
2018-04-09,ABR,Nordeste,Ronaldo,8,Informática,9373.75
2018-04-21,ABR,Sudeste,Roberto,1,Informática,5387.4
2018-03-11,MAR,Sul,Renata,5,Eletrônicos,11320.6
2018-04-24,ABR,Sudeste,Roberto,1,Telefonia,3432.08
2018-01-26,JAN,Norte,Rafael,6,Telefonia,4296.95
2018-02-27,FEV,Sul,Ronaldo,8,Eletrônicos,1277.84
2018-02-20,FEV,Sudeste,Ronaldo,8,Telefonia,5236.31
2018-02-03,FEV,Sul,Rafael,6,Telefonia,3830.53
2018-04-27,ABR,Sul,Ronaldo,8,Livros,7396.61
2018-04-12,ABR,Sul,Roberta,4,Telefonia,11309.56
2018-05-08,MAI,Sudeste,Rodrigo,3,Games,9578.06
2018-05-12,MAI,Sul,Rafael,6,Telefonia,2511.22
2018-01-16,JAN,Norte,Raquel,7,Eletrônicos,6095.24
2018-03-19,MAR,Nordeste,Renata,5,Eletrônicos,5469.33
2018-04-17,ABR,Nordeste,Rafael,6,Automotivo,2041.72
2018-04-13,ABR,Sudeste,Ronaldo,8,Informática,5306.44
2018-05-04,MAI,Sul,Rafael,6,Automotivo,7688.63
2018-02-10,FEV,Sudeste,Roberto,1,Eletrônicos,2716.02
2018-05-04,MAI,Norte,Renata,5,Games,15027.21
2018-05-14,MAI,Sul,Rafael,6,Eletrônicos,5186.32
2018-03-05,MAR,Sul,Ricardo,2,Telefonia,17751.46
2018-04-21,ABR,Sul,Ronaldo,8,Automotivo,3814.23
2018-03-25,MAR,Sudeste,Rafael,6,Games,3296.88
2018-05-01,MAI,Nordeste,Roberta,4,Informática,5115.3
2018-01-22,JAN,Sudeste,Ronaldo,8,Livros,19228.1
2018-02-15,FEV,Sul,Ricardo,2,Telefonia,19228.1
2018-03-18,MAR,Sul,Renata,5,Eletrônicos,15262.86
2018-03-25,MAR,Sudeste,Renata,5,Eletrônicos,3896.7
2018-05-08,MAI,Norte,Raquel,7,Eletrônicos,5555.22
2018-01-22,JAN,Sudeste,Roberto,1,Games,19228.1
2018-03-11,MAR,Sul,Ricardo,2,Informática,4762.37
2018-05-21,MAI,Norte,Ronaldo,8,Livros,8817.71
2018-03-03,MAR,Nordeste,Rafael,6,Automotivo,10747.72
2018-02-14,FEV,Sudeste,Rodrigo,3,Livros,3456.97
2018-04-06,ABR,Nordeste,Ronaldo,8,Informática,3856.84
2018-04-08,ABR,Sul,Rafael,6,Livros,9582.67
2018-03-16,MAR,Sul,Roberto,1,Eletrônicos,10370.94
2018-05-14,MAI,Sul,Ronaldo,8,Automotivo,7423.96
2018-02-10,FEV,Norte,Ronaldo,8,Móveis,3079.5
2018-02-10,FEV,Nordeste,Raquel,7,Livros,2393.32
2018-01-25,JAN,Sudeste,Ricardo,2,Informática,14222.64
2018-02-03,FEV,Norte,Rafael,6,Informática,3308.96
2018-04-24,ABR,Sudeste,Ricardo,2,Eletrônicos,12112.44
2018-03-18,MAR,Sudeste,Renata,5,Informática,5609.87
2018-03-29,MAR,Sudeste,Rodrigo,3,Eletrodomésticos,5225.87
2018-03-20,MAR,Sul,Roberta,4,Automotivo,810.93
2018-01-29,JAN,Sudeste,Rafael,6,Games,3960.78
2018-03-22,MAR,Norte,Roberto,1,Eletrônicos,7817.42
2018-01-22,JAN,Nordeste,Rafael,6,Automotivo,6214.39
2018-04-02,ABR,Norte,Ronaldo,8,Informática,3843.64
2018-04-24,ABR,Sul,Rafael,6,Informática,1374.8
2018-03-15,MAR,Sul,Rodrigo,3,Games,6489.05
2018-01-14,JAN,Norte,Renata,5,Móveis,2381.4
2018-05-03,MAI,Sudeste,Rodrigo,3,Informática,2629.93
2018-02-19,FEV,Sul,Roberto,1,Eletrônicos,6687.54
2018-01-19,JAN,Sul,Roberta,4,Telefonia,4835.25
2018-03-12,MAR,Nordeste,Ronaldo,8,Telefonia,4854.56
2018-04-16,ABR,Nordeste,Rodrigo,3,Eletrônicos,15608.7
2018-01-14,JAN,Sudeste,Ronaldo,8,Informática,16908.59
2018-01-17,JAN,Norte,Renata,5,Eletrodomésticos,11109.53
2018-04-09,ABR,Sudeste,Roberto,1,Móveis,14507.1
2018-05-14,MAI,Sul,Rafael,6,Informática,5213.6
2018-04-01,ABR,Norte,Renata,5,Informática,5017.32
2018-05-07,MAI,Sudeste,Ronaldo,8,Móveis,10401.23
2018-05-24,MAI,Sul,Roberta,4,Games,5815.99
2018-04-14,ABR,Nordeste,Ricardo,2,Eletrônicos,3145.33
2018-05-03,MAI,Sul,Rodrigo,3,Eletrodomésticos,4232.83
2018-03-08,MAR,Sul,Rodrigo,3,Games,5989.22
2018-04-26,ABR,Sudeste,Ricardo,2,Móveis,4530.71
2018-01-07,JAN,Sul,Rafael,6,Telefonia,4171.25
2018-01-18,JAN,Norte,Roberta,4,Móveis,9812.12
2018-01-07,JAN,Nordeste,Rafael,6,Eletrônicos,1111.47
2018-04-05,ABR,Sudeste,Ricardo,2,Games,7974.15
2018-02-25,FEV,Norte,Ricardo,2,Automotivo,16101.6
2018-02-26,FEV,Norte,Renata,5,Informática,16787.42
2018-01-09,JAN,Sul,Rafael,6,Eletrônicos,15134.77
2018-03-11,MAR,Norte,Raquel,7,Eletrônicos,2289.16
2018-05-30,MAI,Norte,Renata,5,Eletrodomésticos,16626.41
2018-02-10,FEV,Sul,Raquel,7,Livros,8760.56
2018-03-21,MAR,Sul,Roberta,4,Eletrodomésticos,7390.21
2018-05-11,MAI,Norte,Raquel,7,Telefonia,5565.09
2018-02-25,FEV,Nordeste,Raquel,7,Livros,6321.8
2018-04-24,ABR,Sul,Ricardo,2,Games,3652.24
2018-03-16,MAR,Norte,Renata,5,Automotivo,2782.1
2018-01-13,JAN,Sul,Raquel,7,Games,5098.65
2018-05-03,MAI,Sudeste,Rafael,6,Eletrônicos,2017.75
2018-03-09,MAR,Nordeste,Roberta,4,Telefonia,7961.72
2018-04-14,ABR,Nordeste,Renata,5,Móveis,8782.57
2018-04-30,ABR,Nordeste,Rodrigo,3,Automotivo,9267.93
2018-05-05,MAI,Sul,Ronaldo,8,Games,2090.93
2018-03-03,MAR,Sul,Roberto,1,Eletrônicos,4984.09
2018-02-25,FEV,Nordeste,Rafael,6,Livros,1362.79
2018-05-26,MAI,Norte,Rafael,6,Móveis,14017.96
2018-03-21,MAR,Sul,Roberta,4,Eletrônicos,5479.72
2018-04-13,ABR,Sudeste,Ronaldo,8,Games,2964.69
2018-01-07,JAN,Sul,Raquel,7,Automotivo,19228.1
2018-05-08,MAI,Norte,Raquel,7,Eletrônicos,4878.82
2018-02-18,FEV,Sudeste,Roberto,1,Eletrônicos,9309.55
2018-04-18,ABR,Sul,Ricardo,2,Livros,14817.7
2018-03-02,MAR,Sul,Roberto,1,Games,14837.28
2018-05-30,MAI,Norte,Raquel,7,Informática,19228.1
2018-01-27,JAN,Sul,Rodrigo,3,Móveis,2947.67
2018-03-22,MAR,Sul,Ricardo,2,Eletrônicos,8758.48
2018-01-19,JAN,Nordeste,Rodrigo,3,Eletrodomésticos,3903.93
2018-05-14,MAI,Sudeste,Roberto,1,Móveis,4709.05
2018-05-29,MAI,Sul,Roberta,4,Eletrodomésticos,9846.34
2018-05-23,MAI,Nordeste,Raquel,7,Games,4969.38
2018-04-17,ABR,Nordeste,Renata,5,Automotivo,19228.1
2018-05-03,MAI,Sudeste,Ricardo,2,Telefonia,19228.1
2018-05-26,MAI,Sudeste,Roberta,4,Eletrônicos,12698.67
2018-05-14,MAI,Sudeste,Rodrigo,3,Móveis,1940.05
2018-01-10,JAN,Sudeste,Rodrigo,3,Automotivo,10419.19
2018-03-21,MAR,Sudeste,Renata,5,Telefonia,2041.19
2018-01-18,JAN,Nordeste,Ronaldo,8,Automotivo,19228.1
2018-05-19,MAI,Nordeste,Renata,5,Livros,2363.47
2018-01-15,JAN,Sudeste,Rodrigo,3,Telefonia,4272.33
2018-04-01,ABR,Nordeste,Ronaldo,8,Livros,13197.97
2018-03-12,MAR,Norte,Roberta,4,Livros,2132.81
2018-01-09,JAN,Norte,Rodrigo,3,Móveis,1511.09
2018-03-15,MAR,Sul,Roberto,1,Eletrônicos,6704.72
2018-03-14,MAR,Norte,Rafael,6,Games,1726.45
2018-04-15,ABR,Norte,Roberto,1,Telefonia,10973.34
2018-05-04,MAI,Nordeste,Raquel,7,Informática,4005.98
2018-02-23,FEV,Norte,Roberta,4,Livros,19228.1
2018-05-13,MAI,Norte,Ricardo,2,Livros,17894.55
2018-02-06,FEV,Sul,Ronaldo,8,Eletrônicos,9002.11
2018-04-14,ABR,Sudeste,Rodrigo,3,Informática,14413.6
2018-05-27,MAI,Sudeste,Roberto,1,Eletrônicos,4753.17
2018-03-24,MAR,Norte,Ricardo,2,Automotivo,2994.99
2018-03-07,MAR,Nordeste,Rodrigo,3,Móveis,6267.59
2018-01-12,JAN,Sudeste,Roberto,1,Telefonia,7194.05
2018-04-20,ABR,Sul,Ronaldo,8,Eletrônicos,4552.56
2018-01-14,JAN,Sudeste,Rodrigo,3,Livros,19228.1
2018-04-11,ABR,Sudeste,Rodrigo,3,Informática,1058.32
2018-05-25,MAI,Sul,Rodrigo,3,Automotivo,15150.63
2018-02-21,FEV,Norte,Ricardo,2,Eletrônicos,8013.15
2018-04-26,ABR,Sul,Ronaldo,8,Automotivo,9555.93
2018-03-20,MAR,Nordeste,Ronaldo,8,Games,10596.75
2018-05-06,MAI,Norte,Roberto,1,Eletrodomésticos,9715.58
2018-05-10,MAI,Norte,Ricardo,2,Eletrônicos,19228.1
2018-04-22,ABR,Sudeste,Renata,5,Telefonia,13076.1
2018-04-25,ABR,Nordeste,Ronaldo,8,Informática,4266.88
2018-05-05,MAI,Nordeste,Roberto,1,Eletrodomésticos,5817.56
2018-03-12,MAR,Sul,Roberto,1,Eletrodomésticos,1672.23
2018-02-27,FEV,Norte,Rafael,6,Eletrônicos,19228.1
2018-02-04,FEV,Nordeste,Roberto,1,Eletrônicos,1868.97
2018-05-30,MAI,Norte,Roberta,4,Eletrodomésticos,10901.74
2018-05-31,MAI,Sudeste,Rodrigo,3,Automotivo,2876.33
2018-01-16,JAN,Nordeste,Ronaldo,8,Livros,4990.37
2018-04-02,ABR,Sudeste,Rafael,6,Livros,13154.72
2018-03-09,MAR,Sul,Roberto,1,Eletrodomésticos,2403.85
2018-01-11,JAN,Nordeste,Renata,5,Livros,9222.84
2018-02-28,FEV,Sul,Raquel,7,Telefonia,3281.76
2018-02-06,FEV,Nordeste,Raquel,7,Telefonia,1970.02
2018-03-29,MAR,Norte,Ronaldo,8,Games,9037.23
2018-05-23,MAI,Sudeste,Ronaldo,8,Móveis,5252.13
2018-02-15,FEV,Norte,Raquel,7,Eletrônicos,2073.32
2018-02-10,FEV,Norte,Roberta,4,Automotivo,4969.33
2018-03-24,MAR,Sul,Renata,5,Eletrônicos,9264.85
2018-02-22,FEV,Sudeste,Roberta,4,Eletrodomésticos,17387.51
2018-04-02,ABR,Nordeste,Renata,5,Eletrodomésticos,15075.45
2018-02-14,FEV,Nordeste,Ronaldo,8,Móveis,2427.82
2018-01-03,JAN,Sudeste,Rodrigo,3,Telefonia,3302.69
2018-04-16,ABR,Norte,Roberto,1,Automotivo,6284.72
2018-02-18,FEV,Sudeste,Ronaldo,8,Eletrônicos,6663.2
2018-01-16,JAN,Norte,Rafael,6,Informática,1780.12
2018-04-01,ABR,Sudeste,Raquel,7,Informática,2614.46
2018-04-27,ABR,Nordeste,Renata,5,Livros,1984.5
2018-02-20,FEV,Sul,Ronaldo,8,Eletrônicos,19228.1
2018-04-07,ABR,Sudeste,Ronaldo,8,Eletrodomésticos,7127.01
2018-02-09,FEV,Sudeste,Renata,5,Eletrodomésticos,3957.54
2018-05-27,MAI,Sudeste,Ronaldo,8,Games,2309.73
2018-05-28,MAI,Sul,Rafael,6,Eletrodomésticos,7598.45
2018-02-07,FEV,Nordeste,Raquel,7,Eletrodomésticos,19228.1
2018-04-15,ABR,Norte,Roberta,4,Telefonia,2233.1
2018-04-20,ABR,Nordeste,Rafael,6,Eletrodomésticos,2452.12
2018-04-17,ABR,Sul,Ronaldo,8,Games,6376.62
2018-01-13,JAN,Sul,Ricardo,2,Telefonia,19228.1
2018-03-24,MAR,Nordeste,Ronaldo,8,Telefonia,4150.97
2018-03-16,MAR,Nordeste,Ricardo,2,Móveis,8668.77
2018-03-10,MAR,Sul,Roberto,1,Telefonia,1734.13
2018-02-07,FEV,Norte,Rafael,6,Eletrônicos,11140.95
2018-03-03,MAR,Sul,Ronaldo,8,Eletrodomésticos,14058.21
2018-04-07,ABR,Sul,Rodrigo,3,Eletrodomésticos,6744.63
2018-03-19,MAR,Sul,Raquel,7,Livros,2310.86
2018-01-07,JAN,Sudeste,Roberto,1,Games,5905.62
2018-04-09,ABR,Sul,Roberta,4,Livros,3534.37
2018-02-09,FEV,Norte,Raquel,7,Eletrônicos,7836.21
2018-03-24,MAR,Nordeste,Rafael,6,Móveis,3335.39
2018-02-16,FEV,Nordeste,Rafael,6,Games,18615.71
2018-04-11,ABR,Sul,Ricardo,2,Eletrodomésticos,6224.72
2018-01-16,JAN,Norte,Raquel,7,Móveis,9784.61
2018-02-18,FEV,Sudeste,Renata,5,Informática,2402.33
2018-02-17,FEV,Nordeste,Renata,5,Games,5107.47
2018-03-06,MAR,Sudeste,Renata,5,Automotivo,1704.61
2018-01-18,JAN,Nordeste,Roberto,1,Informática,3373.07
2018-03-17,MAR,Nordeste,Roberto,1,Informática,6514.34
2018-04-10,ABR,Sudeste,Rafael,6,Informática,1289.73
2018-01-15,JAN,Sul,Rodrigo,3,Eletrodomésticos,12106.59
2018-02-03,FEV,Nordeste,Rodrigo,3,Games,3449.01
2018-04-04,ABR,Norte,Roberto,1,Informática,6881.3
2018-05-09,MAI,Sudeste,Ronaldo,8,Livros,701.8
2018-03-24,MAR,Nordeste,Ricardo,2,Eletrônicos,2626.21
2018-04-16,ABR,Nordeste,Rafael,6,Informática,19228.1
2018-02-15,FEV,Sudeste,Ricardo,2,Automotivo,1693.63
2018-05-01,MAI,Sul,Raquel,7,Eletrônicos,6455.49
2018-04-29,ABR,Sudeste,Rodrigo,3,Games,9469.31
2018-01-31,JAN,Nordeste,Renata,5,Telefonia,8833.15
2018-04-25,ABR,Sul,Raquel,7,Móveis,8178.09
2018-01-04,JAN,Nordeste,Renata,5,Eletrodomésticos,9931.37
2018-02-20,FEV,Sul,Renata,5,Livros,3194.17
2018-01-07,JAN,Norte,Raquel,7,Livros,3440.34
2018-05-08,MAI,Nordeste,Renata,5,Livros,1666.95
2018-03-23,MAR,Sudeste,Roberto,1,Móveis,6948.69
2018-04-29,ABR,Norte,Ronaldo,8,Informática,4241.66
2018-04-06,ABR,Sul,Renata,5,Telefonia,4272.3
2018-01-03,JAN,Sudeste,Renata,5,Games,5341.31
2018-03-18,MAR,Norte,Roberto,1,Móveis,3509.98
2018-03-27,MAR,Sul,Raquel,7,Móveis,6254.11
2018-03-16,MAR,Sul,Roberto,1,Telefonia,10499.01
2018-02-06,FEV,Sudeste,Roberto,1,Telefonia,7230.21
2018-01-04,JAN,Nordeste,Raquel,7,Games,7227.06
2018-04-03,ABR,Sul,Raquel,7,Games,4936.66
2018-05-01,MAI,Norte,Roberta,4,Automotivo,8528.51
2018-03-11,MAR,Sul,Roberta,4,Móveis,10216.1
2018-05-15,MAI,Sudeste,Ronaldo,8,Móveis,3104.15
2018-03-12,MAR,Nordeste,Ronaldo,8,Eletrônicos,19228.1
2018-03-09,MAR,Norte,Rafael,6,Telefonia,1634.69
2018-05-26,MAI,Sudeste,Roberto,1,Livros,7347.89
2018-03-30,MAR,Sul,Raquel,7,Eletrônicos,9162.79
2018-01-15,JAN,Nordeste,Rafael,6,Eletrodomésticos,19228.1
2018-03-11,MAR,Nordeste,Raquel,7,Móveis,12646.83
2018-03-25,MAR,Sudeste,Renata,5,Telefonia,12239.64
2018-05-22,MAI,Nordeste,Rodrigo,3,Telefonia,9038.15
2018-02-17,FEV,Sudeste,Rodrigo,3,Telefonia,5150.99
2018-02-26,FEV,Norte,Ronaldo,8,Informática,8773.1
2018-03-14,MAR,Nordeste,Raquel,7,Móveis,763.13
2018-04-26,ABR,Norte,Rodrigo,3,Telefonia,19156.95
2018-01-22,JAN,Sul,Rafael,6,Livros,19228.1
2018-01-14,JAN,Nordeste,Renata,5,Telefonia,4305.13
2018-02-10,FEV,Sul,Roberto,1,Automotivo,3338.61
2018-04-10,ABR,Sul,Ronaldo,8,Informática,14441.65
2018-05-02,MAI,Norte,Roberta,4,Telefonia,16016.1
2018-01-07,JAN,Sudeste,Rodrigo,3,Games,6444.19
2018-02-24,FEV,Norte,Raquel,7,Games,7959.46
2018-05-10,MAI,Norte,Ricardo,2,Automotivo,13240.66
2018-03-12,MAR,Norte,Raquel,7,Eletrodomésticos,4166.49
2018-05-15,MAI,Sul,Rodrigo,3,Informática,1739.43
2018-02-09,FEV,Sudeste,Ronaldo,8,Telefonia,1257.11
2018-04-07,ABR,Sudeste,Roberto,1,Eletrônicos,4499.24
2018-01-28,JAN,Norte,Roberta,4,Eletrodomésticos,7293.8
2018-02-14,FEV,Sudeste,Roberta,4,Móveis,2762.18
2018-03-26,MAR,Sul,Roberto,1,Livros,5002.77
2018-05-07,MAI,Nordeste,Ricardo,2,Automotivo,837.4
2018-04-23,ABR,Sudeste,Raquel,7,Informática,9964.98
2018-01-28,JAN,Sudeste,Roberto,1,Eletrônicos,14675.99
2018-03-17,MAR,Nordeste,Raquel,7,Telefonia,15069.31
2018-05-03,MAI,Sul,Raquel,7,Eletrodomésticos,3791.44
2018-05-22,MAI,Sul,Rodrigo,3,Eletrônicos,4203.17
2018-05-30,MAI,Norte,Raquel,7,Games,4914.71
2018-05-13,MAI,Norte,Roberto,1,Informática,2835.05
2018-02-10,FEV,Sudeste,Rafael,6,Games,12367.96
2018-05-22,MAI,Sudeste,Raquel,7,Informática,2697.18
2018-05-31,MAI,Sul,Roberto,1,Móveis,6598.58
2018-04-02,ABR,Sul,Raquel,7,Eletrodomésticos,8027.82
2018-04-16,ABR,Sul,Rafael,6,Informática,10311.01
2018-05-24,MAI,Nordeste,Raquel,7,Games,6531.46
2018-05-24,MAI,Sudeste,Rafael,6,Móveis,4799.21
2018-05-23,MAI,Norte,Ricardo,2,Automotivo,5844.62
2018-01-27,JAN,Nordeste,Raquel,7,Livros,6400.07
2018-03-10,MAR,Norte,Ronaldo,8,Livros,6344.3
2018-01-11,JAN,Sudeste,Roberta,4,Livros,3088.92
2018-01-22,JAN,Norte,Roberta,4,Eletrônicos,11553.97
2018-04-20,ABR,Sudeste,Roberto,1,Automotivo,4214.47
2018-04-14,ABR,Nordeste,Roberta,4,Eletrônicos,19228.1
2018-02-14,FEV,Norte,Renata,5,Informática,2280.37
2018-01-11,JAN,Sul,Rafael,6,Móveis,3058.9
2018-05-27,MAI,Nordeste,Rodrigo,3,Eletrodomésticos,1905.05
2018-03-08,MAR,Sudeste,Rafael,6,Livros,8697.22
2018-04-13,ABR,Sudeste,Rafael,6,Eletrodomésticos,8243.57
2018-01-09,JAN,Nordeste,Roberto,1,Games,15502.15
2018-02-08,FEV,Sudeste,Roberta,4,Games,10877.67
2018-04-05,ABR,Norte,Roberto,1,Livros,3331.36
2018-01-29,JAN,Norte,Renata,5,Eletrônicos,919.74
2018-03-21,MAR,Sudeste,Roberto,1,Automotivo,5544.72
2018-02-17,FEV,Nordeste,Ricardo,2,Eletrônicos,3519.34
2018-03-17,MAR,Sul,Roberta,4,Telefonia,4540.48
2018-05-18,MAI,Sudeste,Renata,5,Livros,6108.1
2018-04-15,ABR,Sul,Roberta,4,Eletrodomésticos,2943.0
2018-03-31,MAR,Sudeste,Rafael,6,Eletrônicos,7136.57
2018-01-06,JAN,Sul,Ricardo,2,Informática,6661.12
2018-05-23,MAI,Sul,Renata,5,Automotivo,3725.15
2018-01-30,JAN,Sudeste,Raquel,7,Livros,2978.05
2018-04-25,ABR,Norte,Raquel,7,Eletrônicos,18490.18
2018-03-12,MAR,Sudeste,Rodrigo,3,Informática,3826.4
2018-05-01,MAI,Sul,Ronaldo,8,Eletrônicos,3115.69
2018-03-06,MAR,Sudeste,Ronaldo,8,Automotivo,5394.65
2018-02-27,FEV,Sul,Roberta,4,Livros,8205.17
2018-05-20,MAI,Norte,Ricardo,2,Móveis,2985.18
2018-01-18,JAN,Norte,Roberto,1,Telefonia,990.6
2018-02-09,FEV,Sudeste,Renata,5,Livros,14049.3
2018-05-05,MAI,Sul,Roberto,1,Eletrodomésticos,8181.05
2018-03-29,MAR,Sul,Rodrigo,3,Automotivo,1276.39
2018-05-05,MAI,Norte,Ronaldo,8,Games,3773.68
2018-03-18,MAR,Norte,Rodrigo,3,Móveis,4294.18
2018-02-06,FEV,Sul,Rodrigo,3,Eletrônicos,4172.68
2018-03-01,MAR,Nordeste,Roberto,1,Eletrônicos,3820.86
2018-01-13,JAN,Sul,Roberto,1,Móveis,3365.17
2018-02-24,FEV,Sul,Ricardo,2,Automotivo,3092.02
2018-04-02,ABR,Sul,Rodrigo,3,Telefonia,19228.1
2018-03-08,MAR,Nordeste,Rafael,6,Eletrodomésticos,3292.97
2018-04-04,ABR,Nordeste,Rodrigo,3,Informática,18275.54
2018-01-07,JAN,Sul,Ricardo,2,Livros,2935.0
2018-04-08,ABR,Norte,Roberto,1,Eletrodomésticos,6667.19
2018-01-07,JAN,Sul,Rafael,6,Eletrodomésticos,6959.53
2018-05-06,MAI,Sudeste,Ricardo,2,Telefonia,6578.46
2018-02-11,FEV,Norte,Ricardo,2,Automotivo,6101.2
2018-01-25,JAN,Sul,Rodrigo,3,Móveis,12423.43
2018-02-05,FEV,Norte,Roberto,1,Eletrônicos,9132.62
2018-02-02,FEV,Sul,Renata,5,Informática,6424.76
2018-04-21,ABR,Sul,Roberto,1,Automotivo,6455.08
2018-03-03,MAR,Norte,Raquel,7,Eletrônicos,4098.59
2018-03-18,MAR,Norte,Ronaldo,8,Informática,12805.87
2018-02-22,FEV,Sudeste,Roberto,1,Eletrodomésticos,6689.95
2018-05-06,MAI,Norte,Rafael,6,Eletrônicos,10675.52
2018-04-16,ABR,Nordeste,Renata,5,Games,3053.3
2018-04-07,ABR,Sul,Ricardo,2,Informática,4001.54
2018-02-12,FEV,Sul,Renata,5,Livros,2121.53
2018-01-09,JAN,Sul,Rodrigo,3,Informática,4902.56
2018-01-23,JAN,Sudeste,Ronaldo,8,Games,5499.8
2018-02-11,FEV,Sudeste,Rodrigo,3,Games,6797.43
2018-01-22,JAN,Norte,Ronaldo,8,Móveis,7008.42
2018-01-30,JAN,Sul,Roberta,4,Livros,4499.75
2018-03-15,MAR,Norte,Raquel,7,Games,6022.17
2018-01-24,JAN,Sudeste,Rodrigo,3,Livros,7391.47
2018-01-26,JAN,Sudeste,Raquel,7,Telefonia,13750.2
2018-03-24,MAR,Nordeste,Roberta,4,Móveis,2099.88
2018-02-26,FEV,Sudeste,Roberta,4,Automotivo,8319.1
2018-02-08,FEV,Sul,Roberto,1,Eletrodomésticos,1331.37
2018-02-25,FEV,Nordeste,Raquel,7,Informática,7879.99
2018-02-14,FEV,Sudeste,Roberta,4,Eletrônicos,16624.74
2018-04-06,ABR,Sul,Rafael,6,Móveis,9735.34
2018-02-28,FEV,Sul,Roberta,4,Games,19228.1
2018-01-28,JAN,Sul,Rodrigo,3,Móveis,8382.13
2018-01-10,JAN,Sul,Rafael,6,Livros,5017.93
2018-01-14,JAN,Sudeste,Raquel,7,Eletrodomésticos,4613.17
2018-01-08,JAN,Sul,Raquel,7,Informática,9998.65
2018-05-25,MAI,Sul,Roberto,1,Automotivo,6242.68
2018-04-25,ABR,Norte,Ricardo,2,Móveis,5267.17
2018-01-25,JAN,Nordeste,Roberto,1,Games,19228.1
2018-01-13,JAN,Nordeste,Roberto,1,Móveis,9394.47
2018-01-23,JAN,Sul,Ronaldo,8,Telefonia,10267.24
2018-02-04,FEV,Sul,Roberto,1,Telefonia,3773.14
2018-01-07,JAN,Sudeste,Ronaldo,8,Telefonia,14587.64
2018-05-15,MAI,Sudeste,Ricardo,2,Eletrônicos,3553.63
2018-05-25,MAI,Sul,Renata,5,Móveis,6160.42
2018-03-25,MAR,Sul,Roberta,4,Automotivo,3510.07
2018-04-15,ABR,Sudeste,Rafael,6,Games,10181.62
2018-01-26,JAN,Norte,Rodrigo,3,Telefonia,8717.61
2018-03-06,MAR,Sul,Raquel,7,Livros,15550.7
2018-03-28,MAR,Sudeste,Rafael,6,Livros,2464.63
2018-03-19,MAR,Sul,Raquel,7,Eletrônicos,19213.86
2018-01-26,JAN,Norte,Roberto,1,Telefonia,12049.47
2018-03-29,MAR,Norte,Roberto,1,Eletrônicos,3892.82
2018-02-14,FEV,Nordeste,Roberta,4,Informática,8214.34
2018-01-25,JAN,Norte,Rodrigo,3,Informática,4918.06
2018-05-05,MAI,Sul,Renata,5,Móveis,3685.41
2018-03-06,MAR,Norte,Rodrigo,3,Livros,7607.48
2018-03-22,MAR,Norte,Rafael,6,Games,19228.1
2018-02-21,FEV,Sudeste,Ricardo,2,Móveis,8256.17
2018-02-07,FEV,Sudeste,Roberto,1,Games,4592.78
2018-05-16,MAI,Sudeste,Rafael,6,Eletrônicos,5080.19
2018-04-25,ABR,Sudeste,Roberto,1,Eletrônicos,835.67
2018-02-24,FEV,Norte,Rafael,6,Livros,5752.22
2018-02-23,FEV,Norte,Rafael,6,Games,5384.39
2018-02-28,FEV,Norte,Ricardo,2,Eletrodomésticos,8895.26
2018-04-03,ABR,Sul,Roberta,4,Automotivo,3054.69
2018-02-28,FEV,Norte,Roberta,4,Games,1221.69
2018-05-01,MAI,Nordeste,Roberta,4,Eletrônicos,5378.55
2018-05-28,MAI,Norte,Ronaldo,8,Automotivo,8953.4
2018-05-14,MAI,Norte,Roberta,4,Eletrodomésticos,9029.68
2018-02-07,FEV,Sudeste,Raquel,7,Telefonia,2035.62
2018-03-13,MAR,Sudeste,Renata,5,Informática,3090.55
2018-05-09,MAI,Norte,Roberta,4,Games,2391.79
2018-01-26,JAN,Nordeste,Ronaldo,8,Eletrônicos,2479.44
2018-05-23,MAI,Norte,Rodrigo,3,Livros,16452.19
2018-05-02,MAI,Norte,Roberta,4,Telefonia,1163.67
2018-01-06,JAN,Sul,Ricardo,2,Móveis,5008.65
2018-05-28,MAI,Norte,Ronaldo,8,Eletrodomésticos,18429.41
2018-04-11,ABR,Sul,Renata,5,Eletrodomésticos,19228.1
2018-01-19,JAN,Sul,Rafael,6,Games,13220.01
2018-03-29,MAR,Nordeste,Roberta,4,Telefonia,2082.31
2018-03-07,MAR,Sul,Renata,5,Informática,16223.41
2018-02-13,FEV,Norte,Roberta,4,Móveis,13248.14
2018-03-22,MAR,Nordeste,Raquel,7,Livros,11289.73
2018-05-23,MAI,Sul,Ricardo,2,Eletrônicos,5851.92
2018-03-11,MAR,Sudeste,Roberto,1,Informática,19228.1
2018-04-05,ABR,Sudeste,Ricardo,2,Telefonia,8835.53
2018-03-24,MAR,Sudeste,Renata,5,Informática,12658.07
2018-03-28,MAR,Norte,Rafael,6,Informática,1630.01
2018-02-14,FEV,Sudeste,Ronaldo,8,Eletrodomésticos,5684.12
2018-03-18,MAR,Norte,Roberta,4,Livros,1056.22
2018-04-19,ABR,Sudeste,Ricardo,2,Eletrônicos,14234.76
2018-05-25,MAI,Sudeste,Renata,5,Móveis,2340.84
2018-02-05,FEV,Nordeste,Renata,5,Telefonia,10259.46
2018-02-12,FEV,Sul,Roberto,1,Telefonia,3676.73
2018-04-08,ABR,Sul,Roberta,4,Livros,2096.73
2018-05-08,MAI,Sudeste,Roberto,1,Automotivo,4279.21
2018-01-07,JAN,Nordeste,Rodrigo,3,Informática,5163.54
2018-04-27,ABR,Sudeste,Renata,5,Móveis,5297.64
2018-01-15,JAN,Sudeste,Ronaldo,8,Telefonia,7941.62
2018-05-02,MAI,Norte,Ricardo,2,Telefonia,8544.41
2018-05-03,MAI,Sudeste,Ronaldo,8,Eletrônicos,4136.86
2018-05-27,MAI,Sudeste,Roberta,4,Eletrônicos,9688.77
2018-05-28,MAI,Sul,Roberta,4,Games,3268.43
2018-04-08,ABR,Norte,Ronaldo,8,Eletrônicos,4443.75
2018-05-11,MAI,Nordeste,Ronaldo,8,Móveis,13120.37
2018-04-26,ABR,Sul,Renata,5,Automotivo,7399.35
2018-01-24,JAN,Nordeste,Roberta,4,Eletrônicos,15842.11
2018-05-24,MAI,Sudeste,Rafael,6,Eletrodomésticos,9964.96
2018-04-28,ABR,Sudeste,Rodrigo,3,Eletrônicos,6759.38
2018-02-07,FEV,Sul,Roberta,4,Eletrodomésticos,10027.85
2018-03-08,MAR,Sul,Renata,5,Informática,6812.68
2018-02-26,FEV,Sul,Ricardo,2,Móveis,8386.98
2018-03-19,MAR,Nordeste,Rafael,6,Eletrodomésticos,9451.61
2018-03-26,MAR,Norte,Raquel,7,Eletrodomésticos,19098.7
2018-04-25,ABR,Sul,Rodrigo,3,Móveis,7538.03
2018-03-20,MAR,Sudeste,Roberta,4,Livros,13339.06
2018-05-23,MAI,Sudeste,Raquel,7,Automotivo,9266.22
2018-05-10,MAI,Nordeste,Roberto,1,Telefonia,9667.03
2018-03-02,MAR,Sudeste,Rodrigo,3,Eletrodomésticos,5104.3
2018-05-31,MAI,Sul,Rafael,6,Automotivo,3884.76
2018-02-12,FEV,Nordeste,Roberto,1,Games,4231.77
2018-04-17,ABR,Sul,Rafael,6,Móveis,2979.71
2018-04-26,ABR,Nordeste,Rodrigo,3,Eletrodomésticos,12977.02
2018-04-09,ABR,Norte,Roberto,1,Telefonia,9350.79
2018-01-28,JAN,Sudeste,Raquel,7,Informática,6501.03
2018-02-09,FEV,Norte,Renata,5,Telefonia,6631.11
2018-05-30,MAI,Sul,Ricardo,2,Eletrônicos,5367.58
2018-01-03,JAN,Sul,Roberta,4,Móveis,19228.1
2018-05-27,MAI,Norte,Renata,5,Automotivo,7366.7
2018-03-25,MAR,Sul,Renata,5,Automotivo,10402.34
2018-03-26,MAR,Nordeste,Ricardo,2,Livros,19103.2
2018-01-03,JAN,Sudeste,Ronaldo,8,Eletrodomésticos,1850.54
2018-05-13,MAI,Sudeste,Raquel,7,Games,4337.11
2018-02-15,FEV,Nordeste,Renata,5,Eletrodomésticos,17844.8
2018-05-28,MAI,Nordeste,Raquel,7,Móveis,5244.53
2018-01-19,JAN,Nordeste,Roberta,4,Informática,6077.4
2018-02-21,FEV,Norte,Renata,5,Eletrônicos,2338.44
2018-05-14,MAI,Norte,Roberto,1,Informática,6435.97
2018-02-15,FEV,Nordeste,Rodrigo,3,Telefonia,5162.27
2018-05-26,MAI,Norte,Roberto,1,Móveis,10215.38
2018-03-12,MAR,Norte,Roberto,1,Games,8074.79
2018-02-19,FEV,Norte,Rodrigo,3,Eletrônicos,13956.8
2018-02-27,FEV,Sul,Rafael,6,Livros,8081.34
2018-02-04,FEV,Sul,Renata,5,Telefonia,6144.24
2018-05-05,MAI,Norte,Ricardo,2,Móveis,4657.3
2018-01-13,JAN,Norte,Roberto,1,Móveis,9590.4
2018-01-30,JAN,Sul,Ricardo,2,Games,3697.32
2018-04-02,ABR,Nordeste,Ronaldo,8,Livros,2410.33
2018-05-06,MAI,Nordeste,Renata,5,Eletrônicos,19228.1
2018-02-26,FEV,Norte,Renata,5,Eletrodomésticos,6108.07
2018-01-10,JAN,Sul,Roberta,4,Eletrodomésticos,2302.44
2018-03-25,MAR,Sudeste,Ricardo,2,Móveis,3369.27
2018-04-07,ABR,Sudeste,Raquel,7,Automotivo,19228.1
2018-04-25,ABR,Sudeste,Ricardo,2,Informática,6813.7
2018-03-27,MAR,Nordeste,Rafael,6,Eletrodomésticos,5203.81
2018-03-29,MAR,Norte,Rafael,6,Informática,3951.73
2018-04-29,ABR,Sudeste,Ricardo,2,Informática,4859.66
2018-05-08,MAI,Sul,Raquel,7,Eletrodomésticos,5952.99
2018-03-25,MAR,Sudeste,Raquel,7,Livros,2550.38
2018-03-14,MAR,Norte,Renata,5,Informática,5070.4
2018-04-10,ABR,Sudeste,Rodrigo,3,Automotivo,3457.12
2018-03-22,MAR,Norte,Ricardo,2,Eletrodomésticos,5422.57
2018-02-26,FEV,Sudeste,Raquel,7,Games,10902.94
2018-04-02,ABR,Sudeste,Renata,5,Automotivo,4432.46
2018-05-22,MAI,Norte,Renata,5,Eletrônicos,2606.65
2018-04-11,ABR,Sudeste,Rodrigo,3,Livros,4598.07
2018-04-18,ABR,Nordeste,Roberto,1,Eletrônicos,2396.3
2018-04-28,ABR,Nordeste,Roberta,4,Móveis,7140.3
2018-04-22,ABR,Sudeste,Renata,5,Móveis,8131.32
2018-05-26,MAI,Nordeste,Ronaldo,8,Eletrônicos,2024.34
2018-01-31,JAN,Norte,Raquel,7,Móveis,14695.84
2018-01-16,JAN,Sul,Roberta,4,Automotivo,5011.71
2018-01-16,JAN,Nordeste,Ronaldo,8,Games,18780.6
2018-02-07,FEV,Sul,Renata,5,Eletrônicos,19228.1
2018-02-19,FEV,Sul,Rafael,6,Eletrônicos,5746.51
2018-01-11,JAN,Nordeste,Ronaldo,8,Automotivo,5167.49
2018-01-05,JAN,Nordeste,Ricardo,2,Informática,7455.07
2018-02-10,FEV,Nordeste,Renata,5,Informática,3438.12
2018-03-26,MAR,Sudeste,Rodrigo,3,Telefonia,3796.78
2018-05-28,MAI,Norte,Roberta,4,Eletrodomésticos,5908.0
2018-05-25,MAI,Sul,Rafael,6,Eletrônicos,8256.98
2018-04-26,ABR,Sul,Rodrigo,3,Telefonia,10090.73
2018-05-13,MAI,Sudeste,Ricardo,2,Telefonia,11416.36
2018-05-27,MAI,Norte,Roberto,1,Eletrônicos,14837.68
2018-01-24,JAN,Sul,Roberto,1,Telefonia,3967.19
2018-02-12,FEV,Sudeste,Roberto,1,Livros,2198.72
2018-05-30,MAI,Norte,Roberto,1,Automotivo,10550.94
2018-02-28,FEV,Norte,Ronaldo,8,Telefonia,14202.03
2018-05-31,MAI,Norte,Roberta,4,Games,4031.23
2018-05-27,MAI,Nordeste,Roberta,4,Móveis,2460.61
2018-02-21,FEV,Norte,Rafael,6,Livros,5955.94
2018-04-18,ABR,Sul,Rafael,6,Games,3566.7
2018-04-01,ABR,Norte,Raquel,7,Telefonia,12035.06
2018-05-17,MAI,Sul,Rafael,6,Eletrônicos,7848.67
2018-04-06,ABR,Norte,Raquel,7,Automotivo,3639.12
2018-02-14,FEV,Sul,Roberta,4,Automotivo,6456.74
2018-03-08,MAR,Nordeste,Raquel,7,Eletrodomésticos,4916.07
2018-03-13,MAR,Nordeste,Rodrigo,3,Móveis,1942.9
2018-02-25,FEV,Nordeste,Roberta,4,Games,14816.62
2018-03-17,MAR,Nordeste,Rodrigo,3,Informática,6546.87
2018-04-15,ABR,Nordeste,Rafael,6,Eletrônicos,3371.31
2018-02-23,FEV,Norte,Ricardo,2,Games,8816.94
2018-03-25,MAR,Norte,Ricardo,2,Telefonia,7651.33
2018-03-24,MAR,Sudeste,Roberto,1,Eletrônicos,8793.36
2018-05-09,MAI,Norte,Rafael,6,Eletrodomésticos,3134.2
2018-02-25,FEV,Norte,Renata,5,Games,3364.89
2018-04-26,ABR,Nordeste,Roberto,1,Eletrodomésticos,1981.29
2018-01-15,JAN,Sul,Raquel,7,Informática,1301.91
2018-04-22,ABR,Sudeste,Rodrigo,3,Automotivo,3029.72
2018-03-20,MAR,Sudeste,Raquel,7,Games,6256.25
2018-04-13,ABR,Sul,Roberto,1,Móveis,4481.59
2018-01-08,JAN,Sul,Rafael,6,Games,3344.38
2018-02-07,FEV,Norte,Renata,5,Livros,8358.17
2018-04-24,ABR,Norte,Renata,5,Livros,3372.5
2018-05-24,MAI,Norte,Rafael,6,Eletrônicos,7426.98
2018-05-10,MAI,Sul,Raquel,7,Informática,5841.7
2018-04-18,ABR,Nordeste,Roberto,1,Móveis,8603.87
2018-01-19,JAN,Sudeste,Rodrigo,3,Eletrodomésticos,11136.17
2018-01-24,JAN,Norte,Ronaldo,8,Informática,4821.4
2018-02-08,FEV,Nordeste,Rodrigo,3,Telefonia,2496.15
2018-04-22,ABR,Sul,Rafael,6,Informática,3988.3
2018-05-24,MAI,Sudeste,Roberto,1,Eletrodomésticos,14264.01
2018-04-08,ABR,Nordeste,Ronaldo,8,Games,7183.15
2018-01-05,JAN,Norte,Rafael,6,Móveis,3638.33
2018-01-16,JAN,Sul,Ricardo,2,Eletrodomésticos,2574.76
2018-01-30,JAN,Nordeste,Ricardo,2,Eletrônicos,4029.29
2018-02-23,FEV,Nordeste,Renata,5,Telefonia,11591.5
2018-03-16,MAR,Nordeste,Rafael,6,Informática,844.48
2018-05-31,MAI,Nordeste,Raquel,7,Automotivo,2890.67
2018-04-23,ABR,Sul,Roberta,4,Automotivo,19228.1
2018-01-28,JAN,Norte,Roberta,4,Eletrônicos,12472.23
2018-05-02,MAI,Nordeste,Ronaldo,8,Telefonia,6376.59
2018-01-19,JAN,Nordeste,Rodrigo,3,Games,6147.81
2018-03-27,MAR,Norte,Rodrigo,3,Eletrodomésticos,5313.19
2018-02-05,FEV,Sudeste,Ronaldo,8,Informática,6448.61
2018-04-01,ABR,Sudeste,Renata,5,Eletrônicos,2300.41
2018-04-07,ABR,Norte,Roberto,1,Automotivo,12482.39
2018-03-21,MAR,Sudeste,Renata,5,Informática,8645.1
2018-02-06,FEV,Sul,Rafael,6,Informática,3885.01
2018-02-10,FEV,Sudeste,Ronaldo,8,Livros,4751.83
2018-04-17,ABR,Nordeste,Raquel,7,Games,2124.09
2018-04-24,ABR,Sudeste,Roberta,4,Eletrônicos,3139.31
2018-01-11,JAN,Sudeste,Ronaldo,8,Games,19228.1
2018-03-12,MAR,Norte,Renata,5,Eletrônicos,3785.34
2018-01-10,JAN,Nordeste,Raquel,7,Telefonia,6949.13
2018-01-07,JAN,Sudeste,Renata,5,Livros,1948.21
2018-04-17,ABR,Norte,Ronaldo,8,Informática,5718.1
2018-02-05,FEV,Sudeste,Ricardo,2,Eletrônicos,15238.22
2018-03-09,MAR,Nordeste,Rafael,6,Games,17009.26
2018-03-09,MAR,Norte,Raquel,7,Móveis,8828.69
2018-01-05,JAN,Norte,Raquel,7,Games,3420.61
2018-04-16,ABR,Sudeste,Renata,5,Eletrodomésticos,8153.6
2018-01-03,JAN,Norte,Renata,5,Telefonia,8215.03
2018-04-24,ABR,Sudeste,Ronaldo,8,Móveis,2737.84
2018-02-28,FEV,Norte,Rafael,6,Livros,3868.61
2018-03-13,MAR,Sudeste,Renata,5,Games,4134.66
2018-02-17,FEV,Sul,Ronaldo,8,Telefonia,4484.58
2018-04-24,ABR,Sul,Ronaldo,8,Informática,8265.2
2018-02-23,FEV,Norte,Rafael,6,Games,12619.63
2018-02-13,FEV,Norte,Renata,5,Móveis,7065.06
2018-01-08,JAN,Norte,Ronaldo,8,Informática,10086.42
2018-01-03,JAN,Sudeste,Roberta,4,Livros,3335.75
2018-01-24,JAN,Nordeste,Rodrigo,3,Eletrônicos,19228.1
2018-04-13,ABR,Sul,Rafael,6,Eletrônicos,11406.75
2018-05-18,MAI,Norte,Roberto,1,Móveis,511.64
2018-04-19,ABR,Sul,Renata,5,Eletrônicos,1736.41
2018-05-18,MAI,Sul,Ronaldo,8,Eletrônicos,8388.87
2018-01-16,JAN,Sudeste,Renata,5,Informática,4208.67
2018-02-19,FEV,Sul,Ricardo,2,Automotivo,5074.1
2018-02-08,FEV,Nordeste,Roberta,4,Informática,3311.87
2018-01-25,JAN,Sul,Ricardo,2,Eletrônicos,2781.22
2018-05-09,MAI,Nordeste,Roberto,1,Informática,8200.42
2018-01-15,JAN,Nordeste,Ronaldo,8,Eletrodomésticos,4051.0
2018-02-21,FEV,Sudeste,Raquel,7,Games,4060.13
2018-01-29,JAN,Sul,Renata,5,Móveis,2336.0
2018-05-09,MAI,Sudeste,Ronaldo,8,Livros,1968.4
2018-04-12,ABR,Nordeste,Rodrigo,3,Automotivo,2831.94
2018-05-09,MAI,Nordeste,Renata,5,Móveis,9923.92
2018-04-30,ABR,Sudeste,Renata,5,Livros,6429.22
2018-04-26,ABR,Nordeste,Rafael,6,Telefonia,12487.02
2018-05-12,MAI,Nordeste,Roberta,4,Automotivo,16420.65
2018-04-14,ABR,Norte,Rafael,6,Móveis,4029.02
2018-03-08,MAR,Nordeste,Roberta,4,Eletrodomésticos,3064.53
2018-01-09,JAN,Nordeste,Rafael,6,Games,13674.39
2018-01-25,JAN,Sul,Rodrigo,3,Eletrônicos,14364.88
2018-05-27,MAI,Norte,Roberta,4,Livros,4876.39
2018-04-24,ABR,Nordeste,Raquel,7,Games,14147.22
2018-01-17,JAN,Sudeste,Rafael,6,Telefonia,1739.15
2018-03-28,MAR,Sudeste,Ricardo,2,Livros,5598.21
2018-02-27,FEV,Sudeste,Rodrigo,3,Informática,3556.59
2018-01-17,JAN,Norte,Roberta,4,Eletrônicos,2312.25
2018-03-02,MAR,Sudeste,Roberta,4,Eletrônicos,5305.04
2018-01-04,JAN,Nordeste,Raquel,7,Livros,4367.23
2018-02-03,FEV,Sudeste,Renata,5,Livros,2812.78
2018-01-31,JAN,Nordeste,Ronaldo,8,Móveis,3538.45
2018-04-04,ABR,Nordeste,Roberto,1,Telefonia,2812.5
2018-03-08,MAR,Sudeste,Renata,5,Eletrônicos,7673.99
2018-03-04,MAR,Sul,Ricardo,2,Eletrônicos,15239.28
2018-04-28,ABR,Sudeste,Rodrigo,3,Eletrodomésticos,5796.64
2018-02-26,FEV,Sul,Ricardo,2,Informática,3364.26
2018-04-17,ABR,Sul,Rodrigo,3,Telefonia,19228.1
2018-05-18,MAI,Sudeste,Raquel,7,Eletrodomésticos,3329.27
2018-03-10,MAR,Nordeste,Ronaldo,8,Automotivo,2470.25
2018-03-07,MAR,Nordeste,Rafael,6,Telefonia,5469.69
2018-01-17,JAN,Sudeste,Raquel,7,Informática,1436.7
2018-01-09,JAN,Sul,Roberta,4,Livros,9843.31
2018-04-10,ABR,Sudeste,Roberto,1,Automotivo,15323.59
2018-01-21,JAN,Norte,Rodrigo,3,Eletrodomésticos,5463.78
2018-02-13,FEV,Sudeste,Rodrigo,3,Games,15064.35
2018-03-30,MAR,Nordeste,Ricardo,2,Móveis,8236.04
2018-04-12,ABR,Sudeste,Raquel,7,Eletrônicos,4115.46
2018-01-17,JAN,Norte,Rodrigo,3,Eletrônicos,6711.62
2018-03-02,MAR,Nordeste,Raquel,7,Telefonia,7883.18
2018-05-23,MAI,Nordeste,Rafael,6,Livros,12182.02
2018-02-05,FEV,Norte,Roberto,1,Livros,17089.45
2018-05-17,MAI,Sul,Rodrigo,3,Informática,2634.02
2018-01-23,JAN,Norte,Rafael,6,Games,3764.92
2018-03-17,MAR,Nordeste,Rafael,6,Eletrônicos,3158.09
2018-03-07,MAR,Nordeste,Raquel,7,Automotivo,9120.44
2018-04-19,ABR,Sul,Rodrigo,3,Games,4945.61
2018-02-08,FEV,Sudeste,Renata,5,Informática,3024.3
2018-01-15,JAN,Norte,Raquel,7,Games,1780.46
2018-02-26,FEV,Norte,Roberto,1,Livros,7049.34
2018-01-05,JAN,Sudeste,Raquel,7,Eletrodomésticos,3158.4
2018-02-09,FEV,Nordeste,Ricardo,2,Livros,6225.59
2018-01-11,JAN,Nordeste,Ricardo,2,Eletrônicos,1337.68
2018-01-19,JAN,Sul,Ricardo,2,Telefonia,1065.02
2018-01-11,JAN,Sul,Rafael,6,Eletrônicos,6845.68
2018-04-19,ABR,Norte,Roberta,4,Móveis,11446.2
2018-03-16,MAR,Norte,Rodrigo,3,Games,13148.97
2018-02-03,FEV,Nordeste,Rodrigo,3,Games,7298.47
2018-03-30,MAR,Sul,Raquel,7,Telefonia,5495.14
2018-01-16,JAN,Norte,Renata,5,Móveis,8543.3
2018-05-25,MAI,Sudeste,Renata,5,Informática,14401.71
2018-05-05,MAI,Norte,Rafael,6,Games,2408.89
2018-01-18,JAN,Sul,Raquel,7,Automotivo,7132.45
2018-03-16,MAR,Sudeste,Rafael,6,Games,3918.86
2018-04-07,ABR,Sudeste,Roberto,1,Móveis,2628.74
2018-02-21,FEV,Sudeste,Ronaldo,8,Livros,4744.86
2018-01-31,JAN,Norte,Rodrigo,3,Automotivo,7011.56
2018-04-27,ABR,Norte,Rodrigo,3,Eletrônicos,15768.14
2018-02-12,FEV,Sul,Ronaldo,8,Games,4378.66
2018-01-26,JAN,Sul,Rafael,6,Eletrodomésticos,2339.95
2018-04-24,ABR,Sudeste,Roberto,1,Telefonia,7018.46
2018-01-18,JAN,Sul,Ricardo,2,Livros,2198.45
2018-03-08,MAR,Nordeste,Renata,5,Informática,19228.1
2018-02-07,FEV,Nordeste,Ronaldo,8,Móveis,4560.29
2018-01-14,JAN,Norte,Ricardo,2,Informática,2031.14
2018-02-13,FEV,Sudeste,Rodrigo,3,Informática,6159.25
2018-02-04,FEV,Nordeste,Renata,5,Automotivo,11565.52
2018-04-04,ABR,Sul,Roberta,4,Informática,4756.83
2018-04-15,ABR,Norte,Ronaldo,8,Móveis,12115.84
2018-02-18,FEV,Sudeste,Ricardo,2,Telefonia,11088.79
2018-01-03,JAN,Nordeste,Roberta,4,Informática,2599.73
2018-03-13,MAR,Sul,Ronaldo,8,Livros,2583.49
2018-05-06,MAI,Nordeste,Roberta,4,Telefonia,8228.7
2018-04-19,ABR,Norte,Ricardo,2,Eletrônicos,19228.1
2018-05-04,MAI,Sudeste,Renata,5,Games,11309.35
2018-05-31,MAI,Norte,Rafael,6,Telefonia,1543.69
2018-02-06,FEV,Nordeste,Roberta,4,Informática,19228.1
2018-04-23,ABR,Sudeste,Renata,5,Livros,5451.46
2018-01-14,JAN,Norte,Ronaldo,8,Móveis,12229.38
2018-05-13,MAI,Sul,Ronaldo,8,Eletrodomésticos,13060.25
2018-03-20,MAR,Norte,Renata,5,Games,3256.04
2018-02-19,FEV,Sul,Renata,5,Móveis,10110.42
2018-03-20,MAR,Sul,Rodrigo,3,Móveis,2412.45
2018-03-24,MAR,Norte,Rafael,6,Eletrônicos,8805.61
2018-05-08,MAI,Norte,Ricardo,2,Telefonia,4654.32
2018-01-26,JAN,Sudeste,Ricardo,2,Eletrônicos,11437.88
2018-04-28,ABR,Sul,Rodrigo,3,Móveis,1954.33
2018-02-28,FEV,Sudeste,Raquel,7,Eletrodomésticos,6845.85
2018-04-15,ABR,Sul,Ronaldo,8,Livros,10356.71
2018-04-20,ABR,Sudeste,Roberta,4,Informática,8784.61
2018-02-24,FEV,Sul,Roberta,4,Eletrônicos,4902.62
2018-03-22,MAR,Sul,Renata,5,Informática,6968.29
2018-05-11,MAI,Sul,Raquel,7,Móveis,2374.13
2018-04-08,ABR,Sudeste,Ricardo,2,Eletrodomésticos,1208.13
2018-05-09,MAI,Nordeste,Roberta,4,Informática,1914.77
2018-05-08,MAI,Sul,Roberto,1,Livros,11450.1
2018-03-09,MAR,Sudeste,Roberta,4,Telefonia,2362.52
2018-03-22,MAR,Sul,Ronaldo,8,Telefonia,2867.44
2018-05-23,MAI,Norte,Ricardo,2,Informática,1577.51
2018-01-22,JAN,Sudeste,Ricardo,2,Games,8021.77
2018-01-21,JAN,Sudeste,Raquel,7,Informática,1355.07
2018-03-27,MAR,Sul,Roberta,4,Automotivo,3670.6
2018-03-18,MAR,Norte,Roberto,1,Informática,17652.94
2018-05-19,MAI,Sudeste,Renata,5,Livros,1122.28
2018-02-10,FEV,Norte,Roberto,1,Automotivo,5681.34
2018-04-11,ABR,Sul,Ronaldo,8,Móveis,3491.27
2018-02-14,FEV,Sudeste,Rafael,6,Eletrônicos,3019.83
2018-04-06,ABR,Sul,Renata,5,Automotivo,3974.52
2018-03-02,MAR,Norte,Renata,5,Livros,14651.74
2018-05-07,MAI,Sul,Raquel,7,Games,9410.07
2018-04-21,ABR,Nordeste,Ronaldo,8,Telefonia,12309.2
2018-01-03,JAN,Sudeste,Rodrigo,3,Eletrônicos,4452.44
2018-01-04,JAN,Norte,Roberto,1,Eletrodomésticos,3385.97
2018-02-08,FEV,Sudeste,Ricardo,2,Telefonia,790.49
2018-05-07,MAI,Sul,Ricardo,2,Eletrodomésticos,4615.16
2018-03-03,MAR,Sul,Rodrigo,3,Telefonia,13095.55
2018-02-07,FEV,Sul,Renata,5,Móveis,4251.44
2018-03-29,MAR,Nordeste,Ricardo,2,Automotivo,2429.95
2018-02-26,FEV,Norte,Ronaldo,8,Eletrônicos,15560.38
2018-03-17,MAR,Sudeste,Roberto,1,Eletrônicos,3177.21
2018-03-29,MAR,Nordeste,Renata,5,Automotivo,5327.43
2018-04-07,ABR,Nordeste,Rodrigo,3,Livros,764.2
2018-05-26,MAI,Sudeste,Roberto,1,Eletrônicos,5346.14
2018-05-10,MAI,Sul,Rafael,6,Informática,3435.97
2018-03-16,MAR,Sul,Raquel,7,Telefonia,2516.15
2018-01-09,JAN,Norte,Rodrigo,3,Móveis,11631.69
2018-05-27,MAI,Norte,Renata,5,Games,4200.96
2018-04-18,ABR,Sul,Ricardo,2,Eletrodomésticos,5714.02
2018-02-23,FEV,Sudeste,Ronaldo,8,Eletrônicos,4864.91
2018-03-01,MAR,Sudeste,Rafael,6,Automotivo,6163.34
2018-03-24,MAR,Norte,Rodrigo,3,Games,2465.08
2018-02-12,FEV,Norte,Rafael,6,Automotivo,10467.31
2018-05-24,MAI,Norte,Ronaldo,8,Livros,3557.49
2018-04-24,ABR,Sudeste,Ronaldo,8,Livros,7332.96
2018-05-03,MAI,Sudeste,Raquel,7,Informática,14229.19
2018-05-13,MAI,Sudeste,Roberta,4,Games,5802.48
2018-05-09,MAI,Norte,Raquel,7,Informática,14023.97
2018-04-11,ABR,Norte,Ricardo,2,Automotivo,3094.14
2018-03-27,MAR,Nordeste,Roberta,4,Telefonia,2112.16
2018-05-22,MAI,Sudeste,Ronaldo,8,Móveis,1878.15
2018-03-11,MAR,Sudeste,Roberto,1,Telefonia,4540.83
2018-03-19,MAR,Sudeste,Rafael,6,Eletrodomésticos,2574.77
2018-04-09,ABR,Sul,Rafael,6,Automotivo,19228.1
2018-02-02,FEV,Norte,Rodrigo,3,Eletrodomésticos,638.59
2018-03-27,MAR,Norte,Ricardo,2,Móveis,11033.11
2018-03-21,MAR,Sul,Roberta,4,Eletrônicos,10115.21
2018-03-27,MAR,Sudeste,Ricardo,2,Telefonia,5749.27
2018-02-24,FEV,Sudeste,Renata,5,Eletrodomésticos,4124.9
2018-03-02,MAR,Sul,Ricardo,2,Informática,5439.63
2018-04-23,ABR,Sudeste,Ricardo,2,Telefonia,3284.51
2018-01-15,JAN,Norte,Roberto,1,Games,19228.1
2018-01-19,JAN,Sul,Renata,5,Games,7868.23
2018-01-05,JAN,Sul,Roberta,4,Livros,16346.69
2018-04-10,ABR,Nordeste,Rodrigo,3,Móveis,2562.63
2018-02-16,FEV,Norte,Ricardo,2,Telefonia,16101.26
2018-05-04,MAI,Sudeste,Roberta,4,Automotivo,9234.11
2018-01-16,JAN,Sul,Raquel,7,Informática,3605.32
2018-01-18,JAN,Norte,Roberta,4,Telefonia,6857.38
2018-02-20,FEV,Norte,Rodrigo,3,Informática,1669.17
2018-05-29,MAI,Nordeste,Raquel,7,Automotivo,5664.0
2018-04-13,ABR,Sul,Roberta,4,Telefonia,7822.68
2018-03-29,MAR,Sudeste,Raquel,7,Informática,18822.99
2018-02-23,FEV,Norte,Roberta,4,Móveis,18030.22
2018-01-29,JAN,Sul,Rafael,6,Móveis,6544.24
2018-03-06,MAR,Sul,Raquel,7,Informática,19228.1
2018-04-19,ABR,Nordeste,Ronaldo,8,Automotivo,4659.71
2018-04-05,ABR,Sul,Roberto,1,Automotivo,4803.9
2018-05-30,MAI,Sudeste,Renata,5,Automotivo,3788.7
2018-01-28,JAN,Norte,Ricardo,2,Eletrodomésticos,9877.96
2018-04-26,ABR,Nordeste,Ronaldo,8,Livros,3283.46
2018-01-15,JAN,Nordeste,Rodrigo,3,Livros,14828.72
2018-03-24,MAR,Sudeste,Rodrigo,3,Telefonia,4408.18
2018-04-18,ABR,Nordeste,Rafael,6,Eletrodomésticos,5839.64
2018-02-19,FEV,Sudeste,Roberta,4,Informática,7351.6
2018-05-13,MAI,Norte,Ricardo,2,Livros,5860.41
2018-03-31,MAR,Nordeste,Rodrigo,3,Móveis,1254.99
2018-02-02,FEV,Sudeste,Rodrigo,3,Eletrodomésticos,8475.95
2018-04-05,ABR,Nordeste,Raquel,7,Informática,8317.05
2018-01-19,JAN,Sul,Ronaldo,8,Telefonia,10154.21
2018-05-17,MAI,Nordeste,Rodrigo,3,Telefonia,5083.65
2018-04-17,ABR,Sul,Raquel,7,Telefonia,4091.32
2018-03-26,MAR,Sudeste,Raquel,7,Telefonia,8578.14
2018-01-24,JAN,Norte,Ronaldo,8,Telefonia,4780.19
2018-01-20,JAN,Sudeste,Renata,5,Eletrodomésticos,3326.45
2018-05-28,MAI,Sul,Roberto,1,Eletrônicos,8919.32
2018-04-02,ABR,Sul,Roberto,1,Livros,3221.37
2018-04-27,ABR,Sudeste,Ricardo,2,Livros,5761.64
2018-04-08,ABR,Nordeste,Renata,5,Telefonia,6754.26
2018-03-27,MAR,Nordeste,Rodrigo,3,Eletrodomésticos,12871.41
2018-02-27,FEV,Norte,Rodrigo,3,Móveis,7443.45
2018-05-23,MAI,Sudeste,Ricardo,2,Livros,1422.6
2018-04-25,ABR,Sul,Rafael,6,Eletrônicos,15406.51
2018-01-26,JAN,Nordeste,Ricardo,2,Eletrônicos,9692.96
2018-02-18,FEV,Nordeste,Raquel,7,Informática,8238.28
2018-02-18,FEV,Nordeste,Ronaldo,8,Games,2935.33
2018-02-25,FEV,Sudeste,Ricardo,2,Móveis,19228.1
2018-03-15,MAR,Sudeste,Rodrigo,3,Telefonia,6955.52
2018-05-03,MAI,Sul,Ronaldo,8,Telefonia,2544.18
2018-04-19,ABR,Norte,Rodrigo,3,Móveis,7455.99
2018-03-12,MAR,Norte,Ricardo,2,Eletrônicos,2323.75
2018-04-09,ABR,Sudeste,Raquel,7,Eletrodomésticos,8004.25
2018-04-20,ABR,Sul,Renata,5,Eletrodomésticos,12593.03
2018-02-06,FEV,Norte,Raquel,7,Móveis,2016.47
2018-03-18,MAR,Norte,Ronaldo,8,Livros,12849.49
2018-01-05,JAN,Nordeste,Renata,5,Eletrônicos,8453.14
2018-01-24,JAN,Sul,Ricardo,2,Livros,9492.58
2018-01-13,JAN,Norte,Roberto,1,Games,1581.09
2018-03-31,MAR,Sul,Ronaldo,8,Eletrodomésticos,4626.48
2018-01-27,JAN,Sudeste,Roberto,1,Games,7247.95
2018-03-10,MAR,Norte,Rodrigo,3,Games,6863.49
2018-04-13,ABR,Norte,Rodrigo,3,Eletrônicos,3165.83
2018-03-18,MAR,Nordeste,Raquel,7,Livros,13480.53
2018-02-14,FEV,Sudeste,Raquel,7,Livros,6138.37
2018-01-29,JAN,Sul,Renata,5,Telefonia,9131.4
2018-05-16,MAI,Norte,Roberto,1,Telefonia,506.26
2018-03-07,MAR,Sudeste,Raquel,7,Games,8931.89
2018-03-03,MAR,Norte,Raquel,7,Livros,4672.97
2018-02-26,FEV,Nordeste,Rodrigo,3,Eletrônicos,5236.11
2018-02-27,FEV,Sul,Rodrigo,3,Telefonia,4483.67
2018-03-04,MAR,Norte,Rodrigo,3,Eletrodomésticos,10309.72
2018-05-31,MAI,Norte,Raquel,7,Telefonia,4283.26
2018-03-18,MAR,Sul,Roberto,1,Informática,3085.58
2018-04-20,ABR,Sul,Renata,5,Automotivo,7408.96
2018-05-01,MAI,Sudeste,Ricardo,2,Livros,6835.06
2018-03-19,MAR,Sul,Roberto,1,Telefonia,12777.38
2018-05-06,MAI,Sul,Ricardo,2,Games,2357.08
2018-02-23,FEV,Sul,Ricardo,2,Games,3695.14
2018-02-26,FEV,Sul,Rafael,6,Informática,17408.96
2018-01-20,JAN,Sudeste,Ricardo,2,Telefonia,4436.07
2018-02-18,FEV,Nordeste,Roberta,4,Games,5779.88
2018-03-06,MAR,Sul,Raquel,7,Telefonia,4005.36
2018-03-27,MAR,Sudeste,Raquel,7,Automotivo,10565.08
2018-02-12,FEV,Sudeste,Ronaldo,8,Eletrodomésticos,2638.05
2018-05-03,MAI,Sul,Rafael,6,Informática,10823.02
2018-03-01,MAR,Sudeste,Raquel,7,Games,6251.11
2018-05-04,MAI,Norte,Roberto,1,Eletrodomésticos,19228.1
2018-04-09,ABR,Sudeste,Raquel,7,Eletrodomésticos,8805.75
2018-05-27,MAI,Norte,Rodrigo,3,Móveis,4153.23
2018-05-23,MAI,Nordeste,Roberta,4,Games,16667.71
2018-05-14,MAI,Sul,Rafael,6,Telefonia,19228.1
2018-03-11,MAR,Nordeste,Rafael,6,Informática,2678.73
2018-03-09,MAR,Sudeste,Ricardo,2,Games,8739.48
2018-05-01,MAI,Norte,Roberta,4,Telefonia,6305.46
2018-02-20,FEV,Norte,Roberto,1,Automotivo,6647.13
2018-03-23,MAR,Nordeste,Roberta,4,Livros,6484.37
2018-03-31,MAR,Nordeste,Ronaldo,8,Informática,4365.31
2018-03-04,MAR,Sudeste,Roberta,4,Games,5374.54
2018-04-14,ABR,Sul,Roberta,4,Telefonia,19202.86
2018-05-09,MAI,Sudeste,Raquel,7,Livros,8766.74
2018-02-06,FEV,Sudeste,Renata,5,Eletrodomésticos,8699.36
2018-02-28,FEV,Nordeste,Rafael,6,Games,4616.65
2018-01-04,JAN,Norte,Roberto,1,Eletrônicos,5594.08
2018-03-22,MAR,Nordeste,Ronaldo,8,Automotivo,4052.49
2018-04-07,ABR,Norte,Ricardo,2,Automotivo,4114.96
2018-04-23,ABR,Nordeste,Ricardo,2,Informática,13840.28
2018-05-07,MAI,Nordeste,Roberta,4,Automotivo,5304.71
2018-05-27,MAI,Norte,Roberto,1,Automotivo,4072.02
2018-01-10,JAN,Nordeste,Renata,5,Eletrônicos,18364.71
2018-02-12,FEV,Sul,Roberto,1,Informática,11679.32
2018-03-15,MAR,Nordeste,Raquel,7,Livros,14263.43
2018-05-19,MAI,Sul,Roberto,1,Telefonia,4820.86
2018-03-10,MAR,Norte,Renata,5,Games,5041.2
2018-02-14,FEV,Norte,Ricardo,2,Informática,2775.2
2018-03-27,MAR,Sul,Renata,5,Livros,4173.99
2018-05-23,MAI,Sul,Raquel,7,Informática,6148.98
2018-02-21,FEV,Sudeste,Renata,5,Informática,12686.75
2018-03-19,MAR,Norte,Rafael,6,Automotivo,1859.03
2018-03-04,MAR,Norte,Renata,5,Informática,3691.69
2018-02-19,FEV,Sul,Roberta,4,Móveis,6886.29
2018-05-23,MAI,Sul,Ricardo,2,Livros,2402.64
2018-04-23,ABR,Sudeste,Roberta,4,Games,13223.91
2018-03-07,MAR,Sudeste,Ricardo,2,Livros,3804.1
2018-02-08,FEV,Norte,Raquel,7,Games,4480.5
2018-04-26,ABR,Sudeste,Ricardo,2,Eletrodomésticos,19228.1
2018-03-07,MAR,Nordeste,Rafael,6,Informática,1455.92
2018-04-24,ABR,Norte,Ricardo,2,Games,1633.56
2018-03-14,MAR,Nordeste,Roberto,1,Automotivo,12625.29
2018-04-30,ABR,Norte,Roberta,4,Eletrônicos,5486.8
2018-05-04,MAI,Sudeste,Rodrigo,3,Móveis,2211.83
2018-01-29,JAN,Sul,Roberta,4,Eletrônicos,1951.1
2018-04-27,ABR,Sudeste,Rafael,6,Móveis,5732.27
2018-03-28,MAR,Sul,Rodrigo,3,Eletrônicos,3177.69
2018-03-14,MAR,Norte,Rodrigo,3,Eletrônicos,2622.76
2018-03-15,MAR,Norte,Roberta,4,Telefonia,1588.22
2018-03-19,MAR,Sudeste,Roberto,1,Games,5376.76
2018-04-12,ABR,Sudeste,Roberta,4,Games,9081.24
2018-04-28,ABR,Sudeste,Roberto,1,Eletrônicos,5095.86
2018-01-18,JAN,Nordeste,Rafael,6,Livros,3077.44
2018-05-27,MAI,Nordeste,Raquel,7,Livros,5524.34
2018-04-28,ABR,Nordeste,Ronaldo,8,Automotivo,10200.35
2018-05-19,MAI,Norte,Ronaldo,8,Games,2160.51
2018-01-21,JAN,Sudeste,Roberta,4,Informática,1589.33
2018-05-13,MAI,Norte,Raquel,7,Automotivo,10608.47
2018-04-19,ABR,Sudeste,Raquel,7,Informática,5167.39
2018-01-08,JAN,Norte,Ronaldo,8,Livros,3178.06
2018-03-06,MAR,Nordeste,Roberto,1,Livros,15057.72
2018-03-27,MAR,Sul,Rodrigo,3,Telefonia,6740.36
2018-03-26,MAR,Sudeste,Ronaldo,8,Informática,5361.88
2018-01-23,JAN,Nordeste,Ricardo,2,Games,2183.68
2018-05-08,MAI,Nordeste,Ronaldo,8,Livros,4571.7
2018-02-07,FEV,Sul,Raquel,7,Informática,4516.96
2018-02-19,FEV,Sudeste,Ricardo,2,Informática,3537.68
2018-03-20,MAR,Sul,Raquel,7,Telefonia,5429.93
2018-03-07,MAR,Nordeste,Renata,5,Livros,8206.95
2018-04-30,ABR,Nordeste,Rodrigo,3,Eletrodomésticos,10041.81
2018-01-03,JAN,Sul,Roberto,1,Livros,5753.23
2018-01-14,JAN,Sul,Rodrigo,3,Telefonia,10477.95
2018-05-20,MAI,Norte,Ronaldo,8,Livros,11216.34
2018-04-19,ABR,Nordeste,Ronaldo,8,Móveis,3165.09
2018-03-09,MAR,Sul,Ronaldo,8,Informática,5118.64
2018-05-03,MAI,Nordeste,Roberta,4,Automotivo,2114.23
2018-04-22,ABR,Norte,Ricardo,2,Informática,11339.05
2018-01-28,JAN,Nordeste,Roberto,1,Eletrônicos,2529.0
2018-03-09,MAR,Norte,Roberto,1,Eletrodomésticos,2450.3
2018-04-28,ABR,Sul,Rodrigo,3,Móveis,2871.04
2018-05-18,MAI,Nordeste,Rodrigo,3,Livros,4974.25
2018-03-23,MAR,Sudeste,Ronaldo,8,Telefonia,3194.86
2018-05-19,MAI,Nordeste,Rodrigo,3,Livros,3636.84
2018-05-11,MAI,Sudeste,Ronaldo,8,Móveis,9317.98
2018-02-17,FEV,Sudeste,Ricardo,2,Livros,7512.0
2018-02-17,FEV,Norte,Rodrigo,3,Informática,19228.1
2018-03-17,MAR,Nordeste,Raquel,7,Móveis,8067.69
2018-02-01,FEV,Sudeste,Ronaldo,8,Telefonia,8945.21
2018-03-08,MAR,Sudeste,Roberta,4,Informática,10171.44
2018-05-05,MAI,Nordeste,Rafael,6,Automotivo,1280.78
2018-03-20,MAR,Nordeste,Renata,5,Informática,1941.14
2018-01-03,JAN,Sudeste,Rodrigo,3,Eletrônicos,3880.36
2018-02-25,FEV,Norte,Rafael,6,Automotivo,9877.0
2018-04-20,ABR,Norte,Ricardo,2,Eletrônicos,3020.71
2018-02-08,FEV,Sudeste,Roberta,4,Informática,4042.15
2018-04-11,ABR,Norte,Roberta,4,Móveis,6681.83
2018-03-09,MAR,Nordeste,Rafael,6,Informática,16956.57
2018-03-25,MAR,Sudeste,Ricardo,2,Eletrônicos,3761.15
2018-05-29,MAI,Norte,Roberto,1,Eletrônicos,5459.2
2018-03-30,MAR,Sul,Renata,5,Eletrodomésticos,2048.93
2018-03-31,MAR,Sudeste,Rodrigo,3,Eletrônicos,5581.32
2018-02-26,FEV,Sudeste,Roberto,1,Automotivo,5702.33
2018-04-19,ABR,Sul,Ricardo,2,Móveis,11337.14
2018-01-03,JAN,Norte,Ricardo,2,Eletrodomésticos,4080.24
2018-02-17,FEV,Sudeste,Rodrigo,3,Eletrônicos,2846.4
2018-05-05,MAI,Sul,Rodrigo,3,Eletrônicos,1763.57
2018-03-04,MAR,Sudeste,Rafael,6,Eletrodomésticos,9402.96
2018-03-05,MAR,Sul,Roberto,1,Games,4330.43
2018-05-24,MAI,Sul,Raquel,7,Automotivo,2767.8
2018-02-08,FEV,Nordeste,Ronaldo,8,Telefonia,13450.3
2018-01-09,JAN,Sul,Ronaldo,8,Livros,3656.23
2018-02-21,FEV,Sul,Rafael,6,Eletrodomésticos,11059.98
2018-05-02,MAI,Nordeste,Rodrigo,3,Eletrônicos,7273.36
2018-02-22,FEV,Nordeste,Raquel,7,Eletrônicos,7406.17
2018-05-12,MAI,Norte,Rafael,6,Telefonia,19228.1
2018-01-30,JAN,Nordeste,Renata,5,Games,4002.93
2018-05-17,MAI,Norte,Roberta,4,Automotivo,19228.1
2018-05-12,MAI,Sul,Roberto,1,Livros,5835.04
2018-01-03,JAN,Sudeste,Rodrigo,3,Informática,8153.56
2018-05-27,MAI,Norte,Roberta,4,Telefonia,10221.44
2018-01-17,JAN,Sudeste,Rafael,6,Livros,6335.57
2018-03-04,MAR,Sudeste,Raquel,7,Móveis,10194.89
2018-05-24,MAI,Norte,Renata,5,Eletrodomésticos,3869.66
2018-02-11,FEV,Norte,Ricardo,2,Eletrônicos,5416.96
2018-02-21,FEV,Nordeste,Raquel,7,Eletrodomésticos,19228.1
2018-03-09,MAR,Sudeste,Roberto,1,Games,1440.2
2018-04-15,ABR,Nordeste,Ronaldo,8,Livros,2001.49
2018-04-01,ABR,Sul,Roberto,1,Eletrônicos,7971.28
2018-05-24,MAI,Nordeste,Rodrigo,3,Informática,19064.71
2018-03-16,MAR,Sul,Raquel,7,Livros,2975.75
2018-02-25,FEV,Sul,Renata,5,Eletrodomésticos,7485.38
2018-02-02,FEV,Nordeste,Raquel,7,Eletrônicos,3246.56
2018-02-26,FEV,Norte,Raquel,7,Livros,7763.7
2018-04-09,ABR,Nordeste,Ronaldo,8,Eletrodomésticos,16680.05
2018-04-09,ABR,Sudeste,Ronaldo,8,Informática,4619.97
2018-05-21,MAI,Sul,Renata,5,Eletrodomésticos,4707.76
2018-03-08,MAR,Norte,Ricardo,2,Móveis,3726.03
2018-03-10,MAR,Sul,Ronaldo,8,Móveis,7545.97
2018-04-23,ABR,Sudeste,Rodrigo,3,Telefonia,10579.9
2018-04-15,ABR,Sudeste,Rodrigo,3,Automotivo,8770.05
2018-05-15,MAI,Norte,Roberta,4,Informática,5589.28
2018-02-20,FEV,Nordeste,Rodrigo,3,Automotivo,9592.83
2018-04-02,ABR,Norte,Roberta,4,Eletrônicos,6041.89
2018-05-13,MAI,Nordeste,Rodrigo,3,Telefonia,5944.24
2018-04-30,ABR,Norte,Roberto,1,Livros,6375.85
2018-04-29,ABR,Nordeste,Renata,5,Games,18165.65
2018-01-07,JAN,Nordeste,Raquel,7,Livros,8812.01
2018-04-10,ABR,Sudeste,Roberto,1,Eletrodomésticos,5873.69
